Model,Best Val Acc (%),Top-5 Acc (%),Training Time (s),Parameters (M),Final Train Acc (%),Final Val Acc (%)
GRU,97.23261032161555,99.85041136873598,69.72068905830383,3.960882,100.0,97.23261032161555
LSTM,96.63425579655946,99.925205684368,81.17298436164856,5.272626,100.0,96.55946148092745
BiLSTM,95.88631264023934,99.55123410620793,133.0411696434021,10.545202,100.0,95.73672400897532
Simple_RNN,94.9887808526552,99.32685115931189,57.62652325630188,1.337394,99.812874251497,94.76439790575917
Swin_Transformer,93.792071802543,99.17726252804788,70.93697452545166,4.227122,99.58832335329342,93.64248317127898
Stacked_LSTM,89.90276738967839,99.10246821241586,113.17267036437988,7.373874,94.81661676646706,89.90276738967839
Transformer,3.141361256544503,11.36873597606582,161.9465868473053,13.684274,2.7320359281437128,3.141361256544503
